Text,POS Tags (comma separated),flag,username,timestamp
the boys are playing,"dt, nn, ot, ot",,,2024-03-31 11:56:17.024202
the boys are playing,"dt, nn, ot, ot",,,2024-03-31 11:56:20.261695
the boys are playing,"dt, nn, ot, ot",,,2024-03-31 11:56:43.227265
,,,,2024-03-31 11:56:45.650944
the boys are playing,"dt, nn, ot, ot",,,2024-03-31 11:56:57.533791
the boys are playing,"dt, nn, ot, ot",,,2024-03-31 11:56:58.530781
the boys are playing,"dt, nn, ot, ot",,,2024-03-31 11:57:39.371259
"the,boys,are,playing","dt, nn, ot, ot",,,2024-03-31 11:58:01.390960
"the,boys,are,playing","dt, nn, ot, ot",,,2024-03-31 11:58:02.140917
"the,boys,are,playing","dt, nn, ot, ot",,,2024-03-31 11:58:02.329564
"the,boys,are,playing","dt,nn,ot,ot",,,2024-03-31 11:58:54.921060
the boys are playing,"dt,nn,ot,ot",,,2024-03-31 11:59:04.041378
the girls are playing,"dt,nn,ot,ot",,,2024-03-31 11:59:52.257524
the conda are playing,"dt,nn,ot,ot",,,2024-03-31 11:59:57.109030
Japan began the defence of their Asian Cup title with a lucky 2-1 win against Syria in a Group C championship match on Friday,"nn,ot,dt,nn,ot,ot,jj,nn,nn,ot,dt,jj,ot,ot,ot,nn,ot,dt,nn,nn,nn,nn,ot,nn",,,2024-03-31 12:04:09.001085
